asn|cc|date_added|host|ip|status|type|uptime
||2015-12-31|sells-store.com||offline|vmzeus|05:02:18
||2015-12-31|tentospecom.com||offline|vmzeus|00:00:00
61272|lithuania (lt)|2015-12-27|developer.cdn.com.kz|185.25.49.241|online|vmzeus|109:56:50
13768|canada (ca)|2015-12-27|chrisouimet.ca|69.28.199.160|online|vmzeus|110:01:23
42910|turkey (tr)|2015-12-27|telefonfiyatlari.org|217.195.200.70|online|vmzeus|110:50:29
||2015-12-27|blesslifelove.ru||offline|vmzeus|100:26:04
16814|argentina (ar)|2015-12-24|ideaconsultora.com.ar|190.210.199.193|online|vmzeus|183:03:40
132680|australia (au)|2015-12-24|zeditsolutions.com.au|103.18.110.230|online|vmzeus|183:08:33
197726|ukraine (ua)|2015-12-23|fadzulani.com|91.231.84.245|online|zeus|206:37:15
9120|denmark (dk)|2015-12-22|limhamns-catering.se|212.97.132.107|online|zeus|231:38:51
29182|russian federation (ru)|2015-12-21|188.120.224.250|188.120.224.250|unknown|vmzeus|
20860|united kingdom (gb)|2015-12-21|allterrainadventures.co.uk|185.116.213.18|online|kins|254:48:24
16276|france (fr)|2015-12-21|151.80.254.211|151.80.254.211|unknown|citadel|
13335|united states (us)|2015-12-21|bocaautocenters.com|104.18.55.243|online|citadel|255:04:01
26496|united states (us)|2015-12-19|superclasp.com|107.180.49.252|online|vmzeus|297:59:21
133159|australia (au)|2015-12-18|thetankshop.com.au|103.16.129.87|online|vmzeus|323:32:32
24446|australia (au)|2015-12-16|tomloncar.com.au|27.121.64.95|online|vmzeus|361:37:36
198047|united kingdom (gb)|2015-12-16|want-to-buy.co.uk|185.24.98.175|online|vmzeus|376:40:55
16276|france (fr)|2015-12-15|46.105.161.233|46.105.161.233|unknown|citadel|
||2015-12-12|go.everli-killz.xyz||offline|vmzeus|71:22:11
46606|united states (us)|2015-12-12|www.presidentialemail.in|162.214.5.117|online|citadel|838:59:59
||2015-12-12|ijoe.xyz||offline|vmzeus|28:38:18
||2015-12-12|tekchuks.xyz||offline|vmzeus|29:27:56
||2015-12-11|www.antibasic.ga||offline|citadel|02:39:47
24446|australia (au)|2015-12-11|soundstrategyaccounts.com.au|27.121.64.42|online|vmzeus|488:59:57
48635|netherlands (nl)|2015-12-10|studio020.com|83.98.177.7|online|vmzeus|506:03:19
36351|united states (us)|2015-12-10|ebenezerfm.com|69.4.233.96|online|vmzeus|506:07:28
24446|australia (au)|2015-12-10|sydneyboatlicence.com|27.121.64.40|online|vmzeus|519:42:03
36351|united states (us)|2015-12-10|mat-update.be|198.105.221.5|online|vmzeus|519:45:10
26496|united states (us)|2015-12-10|phoenixtsi.com|23.229.193.103|online|zeus|519:52:00
16276|france (fr)|2015-12-10|178.32.79.71|178.32.79.71|unknown|citadel|
42926|turkey (tr)|2015-12-09|emreerdem.com.tr|85.95.237.78|online|vmzeus|544:28:00
26496|united states (us)|2015-12-08|beautifulmindsinc.com|184.168.56.1|online|zeus|567:10:42
36351|united states (us)|2015-12-06|simdie.com|198.105.221.5|online|vmzeus|614:18:17
31624|netherlands (nl)|2015-12-04|maminoleinc.tk|195.20.41.233|online|citadel|656:42:07
20454|united states (us)|2015-12-04|studentscompanion.in|184.95.41.121|online|vmzeus|663:42:55
20454|united states (us)|2015-12-04|beemasewakendra.com|184.95.41.121|online|vmzeus|663:55:31
||2015-12-03|tekcharles.xyz||offline|vmzeus|165:36:18
24446|australia (au)|2015-12-03|saner.com.au|27.121.64.74|online|vmzeus|684:20:40
46606|united states (us)|2015-12-03|sundarbantourpackages.com|162.144.156.80|online|vmzeus|684:23:20
16276|united kingdom (gb)|2015-12-03|176.31.66.75|176.31.66.75|unknown|citadel|
32613|canada (ca)|2015-12-01|2becomputers.com|198.50.98.253|online|vmzeus|735:53:39
16276|united states (us)|2015-12-01|198.27.87.34|198.27.87.34|unknown|citadel|
37963|china (cn)|2015-11-30|www.lihuazhai.com|42.96.169.237|online|vmzeus|758:48:06
57127|slovenia (si)|2015-11-30|helenasoap.si|146.247.25.151|online|vmzeus|758:51:46
||2015-11-30|luenhinpearl.com||offline|vmzeus|73:11:45
198582|ukraine (ua)|2015-11-29|91.236.213.74|91.236.213.74|unknown|vmzeus|
20454|united states (us)|2015-11-28|satyamsng.com|184.95.41.121|online|vmzeus|806:13:30
||2015-11-28|obyno.xyz||offline|vmzeus|45:51:08
16276|united states (us)|2015-11-28|192.99.99.251|192.99.99.251|unknown|vmzeus|
24446|australia (au)|2015-11-28|omnienergy.com.au|27.121.64.198|online|vmzeus|806:24:50
||2015-11-28|bqtest2.ru||offline|vmzeus|264:53:23
31624|netherlands (nl)|2015-11-28|nasscomminc.tk|195.20.44.100|online|citadel|807:19:48
54489|united states (us)|2015-11-28|66.34.9.70|66.34.9.70|unknown|vmzeus|
48635|netherlands (nl)|2015-11-28|janvermeulenmontage.nl|109.72.85.122|online|vmzeus|807:20:52
16276|poland (pl)|2015-10-23|188.165.84.115|188.165.84.115|unknown|vmzeus|
10929|canada (ca)|2015-10-22|alliedairduct.com|205.204.75.242|online|vmzeus|838:59:59
14259|chile (cl)|2015-10-22|neuberchile.com|190.196.128.198|online|vmzeus|838:59:59
16509|ireland (ie)|2015-10-22|www.kafinvest.com|54.72.130.67|online|vmzeus|838:59:59
9931|thailand (th)|2015-10-22|markhousecm.com|122.155.10.197|online|vmzeus|838:59:59
||2015-10-22|molowo.in.ua||offline|vmzeus|96:26:40
198047|united kingdom (gb)|2015-10-19|195.62.29.81|195.62.29.81|unknown|vmzeus|
||2015-10-18|wisecommodityforecasts.com.au||offline|vmzeus|838:59:59
||2015-10-18|domnicpeter.in.net||offline|zeus|00:00:00
46261|united states (us)|2015-10-18|104.166.67.26|104.166.67.26|unknown|vmzeus|
133295|india (in)|2015-10-18|chaitanyagroupindia.com|103.224.243.146|online|vmzeus|838:59:59
||2015-10-17|casher777soft.pw||offline|zeus|02:41:24
||2015-10-17|uptight.su||offline|citadel|43:11:21
13768|canada (ca)|2015-10-15|cheshamfrench.co.uk|69.28.199.60|online|vmzeus|838:59:59
24446|australia (au)|2015-10-15|boombuckspartys.com.au|202.191.62.219|online|vmzeus|838:59:59
30170|united states (us)|2015-10-15|asagroupltd.com|209.147.127.135|online|vmzeus|838:59:59
16276|canada (ca)|2015-10-14|167.114.89.205|167.114.89.205|unknown|citadel|
15244|united states (us)|2015-10-12|sab.org.cn|209.200.232.14|online|vmzeus|838:59:59
9009|united kingdom (gb)|2015-10-11|badenhallfishery.com|195.8.196.38|online|vmzeus|838:59:59
3242|italy (it)|2015-10-11|leonardoilgenio.it|151.1.24.135|online|vmzeus|838:59:59
29550|united kingdom (gb)|2015-10-10|frangopoulosproperty.com|109.203.105.84|online|kins|838:59:59
27715|brazil (br)|2015-10-09|cordobapersonal.com|186.202.127.31|online|vmzeus|838:59:59
16276|france (fr)|2015-10-09|46.105.102.15|46.105.102.15|unknown|vmzeus|
3595|united states (us)|2015-10-09|63.247.65.42|63.247.65.42|unknown|vmzeus|
24446|australia (au)|2015-10-09|beautyessentials.com.au|27.121.64.78|online|vmzeus|838:59:59
61718|brazil (br)|2015-10-09|balcaolocal.com|131.72.52.210|online|vmzeus|838:59:59
20473|netherlands (nl)|2015-10-09|45.32.235.170|45.32.235.170|unknown|citadel|
53243|brazil (br)|2015-10-08|orcamentosegurosaude.com|177.11.54.121|online|zeus|838:59:59
13768|canada (ca)|2015-10-08|centerium.eu|69.28.199.60|online|vmzeus|838:59:59
16276|france (fr)|2015-10-06|almacenator.net|37.59.0.133|online|citadel|838:59:59
20473|netherlands (nl)|2015-10-05|185.92.222.16|185.92.222.16|unknown|citadel|
30900|ireland (ie)|2015-10-04|185.24.234.16|185.24.234.16|unknown|citadel|
||2015-10-04|edmundgroup.tk||offline|citadel|234:53:07
||2015-10-02|midnightserve.in||offline|vmzeus|838:59:59
60117|netherlands (nl)|2015-10-02|185.82.200.42|185.82.200.42|unknown|citadel|
17439|india (in)|2015-10-01|chhathpuja.com|103.25.130.12|online|vmzeus|838:59:59
54489|united states (us)|2015-10-01|63.249.152.74|63.249.152.74|unknown|vmzeus|
||2015-10-01|skmineinc.tk||offline|citadel|05:45:52
||2015-10-01|economiademercado.com.br||offline|vmzeus|123:59:45
8560|germany (de)|2015-09-30|217.160.2.23|217.160.2.23|unknown|citadel|
||2015-09-30|shaktitextileengr.com||offline|zeus|01:28:58
4808|china (cn)|2015-09-30|chenmg.com|119.10.36.154|online|zeus|838:59:59
13468|canada (ca)|2015-09-30|mapsresearch.ca|199.246.2.105|online|zeus|838:59:59
24961|germany (de)|2015-09-28|spotmarka.ap0x.com|89.163.209.115|online|vmzeus|838:59:59
16276|france (fr)|2015-09-28|etnaservis.com|94.23.188.28|online|vmzeus|838:59:59
3188|turkey (tr)|2015-09-28|ohoriinsaat.com|5.2.87.131|online|vmzeus|838:59:59
||2015-09-28|canhomes.com.au||offline|vmzeus|838:59:59
||2015-09-26|tekadrian.xyz||offline|vmzeus|05:29:06
13768|canada (ca)|2015-09-26|easternbuildinginspectionservices.ca|69.28.199.130|online|zeus|838:59:59
52469|panama (pa)|2015-09-25|190.14.37.21|190.14.37.21|unknown|vmzeus|
||2015-09-25|zxyinternational.net||offline|vmzeus|43:57:49
54489|united states (us)|2015-09-25|209.164.84.70|209.164.84.70|unknown|vmzeus|
||2015-09-25|sro.giuseppemarotta.com||offline|vmzeus|237:17:55
39134|russian federation (ru)|2015-09-25|atmape.ru|194.58.103.199|online|vmzeus|838:59:59
54489|united states (us)|2015-09-24|64.182.215.68|64.182.215.68|unknown|vmzeus|
||2015-09-24|facbereau.tk||offline|citadel|24:49:26
||2015-09-23|classicalbitu.com||offline|vmzeus|04:30:02
50937|romania (ro)|2015-09-23|lilishop.ro|178.156.230.2|online|vmzeus|838:59:59
||2015-09-22|domifondery3d.com||offline|vmzeus|34:15:47
54489|united states (us)|2015-09-22|64.182.6.61|64.182.6.61|unknown|vmzeus|
||2015-09-22|slot.sub-zero.it||offline|vmzeus|27:48:36
||2015-09-22|chat.altacom.it||offline|vmzeus|27:49:43
45538|vietnam (vn)|2015-09-21|tanthanhdanh.vn|125.253.122.119|online|vmzeus|838:59:59
47434|ukraine (ua)|2015-09-20|www.changeexchange2.ru|195.242.161.117|online|citadel|838:59:59
||2015-09-15|z0bu.dynu.com||offline|citadel|219:22:43
56067|thailand (th)|2015-09-13|wayufilm.com|119.59.120.8|online|vmzeus|838:59:59
9123|russian federation (ru)|2015-09-13|cd31411.tmweb.ru|92.53.96.71|online|zeus|838:59:59
||2015-09-13|domifondery.com||offline|vmzeus|72:47:55
56582|turkey (tr)|2015-09-11|antgul.com|31.169.83.221|online|vmzeus|838:59:59
23974|thailand (th)|2015-09-09|www.101dpm.com|203.172.183.110|online|vmzeus|838:59:59
9931|thailand (th)|2015-09-07|thaitp47.com|122.155.3.150|online|vmzeus|838:59:59
40034|united states (us)|2015-09-07|www.foxload.in.net|208.91.199.144|online|citadel|838:59:59
||2015-09-07|highadmin.tk||offline|vmzeus|146:49:08
||2015-09-04|updateacces.org|fastflux botnet|online|vmzeus|838:59:59
22611|united states (us)|2015-08-31|benchblog.com|216.194.169.100|online|vmzeus|838:59:59
||2015-08-30|bin1.kns1.al||online|vmzeus|838:59:59
||2015-08-28|frank1.ddf.al||online|vmzeus|838:59:59
||2015-08-28|securetestingnetwotk.com||offline|zeus|189:20:59
||2015-08-28|dino1.ddf.al||online|vmzeus|838:59:59
||2015-08-24|techakym.pw||offline|vmzeus|24:42:47
51167|germany (de)|2015-08-22|banihasyim.com|5.189.158.139|online|vmzeus|838:59:59
||2015-08-14|tech-dan.xyz||offline|kins|15:58:41
48666|czech republic (cz)|2015-08-13|93.170.123.151|93.170.123.151|unknown|kins|
||2015-08-11|mypic.hopto.org||offline|kins|838:59:59
3561|united states (us)|2015-08-10|cooldomainname.ws|64.70.19.202|online|kins|838:59:59
36024|united states (us)|2015-08-10|6pjddrtt7.com|207.210.229.69|online|kins|838:59:59
||2015-08-10|eresimgbo.com||offline|kins|838:59:59
199959|russian federation (ru)|2015-08-04|185.39.150.128|185.39.150.128|unknown|kins|
||2015-08-02|chezhiyasweheropasl.su||offline|kins|00:00:00
||2015-08-02|lasnetlk.co.uk||offline|kins|239:23:19
||2015-07-31|vassabgg.pw||offline|kins|02:00:43
16276|france (fr)|2015-07-27|arvision.com.co|87.98.146.77|online|kins|838:59:59
||2015-07-24|techmaha.pw||offline|kins|56:10:44
||2015-07-22|newversionpdun.in.net||offline|kins|03:19:41
48666|russian federation (ru)|2015-07-17|185.5.249.30|185.5.249.30|unknown|kins|
47434|ukraine (ua)|2015-07-14|genmjob3.ru|194.28.133.37|online|citadel|838:59:59
||2015-07-14|mygoodness.in.ua||offline|citadel|59:25:43
33182|united states (us)|2015-07-13|gjiayimeiya.com|67.23.226.129|online|citadel|838:59:59
47434|ukraine (ua)|2015-07-08|lucoilosa.ru|194.28.133.37|online|citadel|838:59:59
55803|australia (au)|2015-07-07|emaillifecoaching.com.au|101.0.89.3|online|zeus|838:59:59
13147|bulgaria (bg)|2015-07-07|finsolutions.top|217.174.148.86|online|kins|838:59:59
203734|macau (mo)|2015-07-06|mymytonnymaxltd.org|163.53.247.144|online|kins|838:59:59
||2015-07-06|cosmosdady.su||offline|kins|21:47:00
45045|ukraine (ua)|2015-06-29|jomo.in.ua|91.203.144.4|online|citadel|838:59:59
||2015-06-29|emailsclient.com||offline|kins|838:59:59
32475|united states (us)|2015-06-28|pharmaspan.com|109.199.98.63|online|zeus|838:59:59
||2015-06-18|juyteche.tk||offline|kins|838:59:59
||2015-06-17|bright.su||offline|kins|783:11:17
||2015-06-17|bitters.su||offline|kins|206:29:43
||2015-06-17|belorus.tk||offline|citadel|555:55:31
35818|romania (ro)|2015-06-08|www.warpservice.ro|46.102.249.184|online|zeus|838:59:59
29017|united kingdom (gb)|2015-06-07|catsmith.co.uk|83.223.104.6|online|zeus|838:59:59
||2015-06-03|depolakoeasre.pw||offline|kins|25:33:04
||2015-06-03|bolerakopsoa.pw||offline|kins|25:33:25
24122|bangladesh (bd)|2015-06-03|210.4.76.221|210.4.76.221|unknown|zeus|
||2015-06-02|systemscfg.olympe.in|fastflux botnet|online|zeus|838:59:59
|romania (ro)|2015-05-31|188.241.140.224|188.241.140.224|unknown|zeus|
197226|poland (pl)|2015-05-30|193.189.117.56|193.189.117.56|unknown|zeus|
||2015-05-23|ahmedashid.com||offline|kins|69:49:01
||2015-05-18|xclones.in.net||offline|kins|09:58:44
||2015-05-17|techemeka.work||offline|kins|03:12:48
|romania (ro)|2015-05-16|188.241.140.222|188.241.140.222|unknown|zeus|
|romania (ro)|2015-05-14|188.241.140.212|188.241.140.212|unknown|zeus|
197695|russian federation (ru)|2015-05-09|richus.ru|185.20.227.69|online|kins|838:59:59
||2015-05-09|krestenbv.nl||offline|citadel|573:15:48
132717|india (in)|2015-05-09|103.19.89.118|103.19.89.118|unknown|zeus|
766|spain (es)|2015-05-09|193.146.210.69|193.146.210.69|unknown|zeus|
7506|japan (jp)|2015-05-08|157.7.170.62|157.7.170.62|unknown|zeus|
||2015-05-06|aljazeera.kz||offline|kins|183:53:47
||2015-05-01|turkeyhotelnoslafas.su||offline|kins|88:24:01
||2015-05-01|jump1ng.net||offline|kins|88:57:29
31624|netherlands (nl)|2015-04-30|emekonline.tk|195.20.43.189|online|citadel|838:59:59
||2015-04-29|zetes.vdsinside.com||offline|citadel|838:59:59
17660|bhutan (bt)|2015-04-29|202.144.144.195|202.144.144.195|unknown|zeus|
5408|greece (gr)|2015-04-29|83.212.117.233|83.212.117.233|unknown|zeus|
||2015-04-25|livinglounges.su||offline|kins|209:32:03
37153|south africa (za)|2015-04-24|www.riverwalktrader.co.za|197.189.252.226|online|citadel|838:59:59
||2015-04-24|bytes.darktech.org||offline|zeus|52:17:56
||2015-04-20|extremesports.kz||offline|kins|14:31:14
||2015-04-17|rich11ds2015sqr.ru||offline|kins|10:28:52
32392|united states (us)|2015-04-17|coldcreekauction.com|76.163.114.169|online|zeus|838:59:59
2519|japan (jp)|2015-04-16|124.110.195.160|124.110.195.160|unknown|zeus|
||2015-04-13|codedtunes.zapto.org||offline|zeus|838:59:59
||2015-04-12|fx45.pp.ru||offline|zeus|65:20:52
197695|russian federation (ru)|2015-04-12|regame.su|194.58.92.172|online|kins|838:59:59
||2015-04-09|angryshippflyforok.su||offline|kins|02:52:54
8167|brazil (br)|2015-04-09|177.4.23.159|177.4.23.159|unknown|zeus|
39792|russian federation (ru)|2015-04-09|213.183.56.186|213.183.56.186|unknown|zeus|
||2015-04-08|0if1nl6.org||offline|kins|00:40:17
||2015-04-06|2015letsdoit.in||offline|citadel|04:22:31
16276|canada (ca)|2015-04-05|ns513726.ip-192-99-148.net|192.99.148.26|online|citadel|838:59:59
12400|israel (il)|2015-04-04|buja.org.il|5.100.250.103|online|zeus|838:59:59
||2015-04-03|mashroomskro.eu||offline|kins|01:25:26
9597|japan (jp)|2015-03-29|teeth.co.jp|115.146.59.207|online|citadel|838:59:59
||2015-03-28|zabava-bel.ru||offline|zeus|838:59:59
||2015-03-25|nancycemt1225.ddns.net||offline|zeus|08:56:51
7545|australia (au)|2015-03-25|60.241.184.209|60.241.184.209|unknown|zeus|
||2015-03-24|nonstopeddanceraz.su||offline|kins|01:09:05
||2015-03-24|bibrath.eu||offline|kins|47:59:45
198540|poland (pl)|2015-03-24|91.236.75.11|91.236.75.11|unknown|zeus|
45538|vietnam (vn)|2015-03-21|vuanongsan.vn|112.78.2.241|online|zeus|838:59:59
8342|russian federation (ru)|2015-03-21|nitromethane.ru|81.177.141.162|online|zeus|838:59:59
||2015-03-17|jacoblanderville.myjino.ru||offline|zeus|838:59:59
|ukraine (ua)|2015-03-16|195.238.181.21|195.238.181.21|unknown|kins|
 republic of (kr)|korea|2015-03-16|113.29.230.24|113.29.230.24|unknown|zeus|38001
|ukraine (ua)|2015-03-15|195.238.181.30|195.238.181.30|unknown|kins|
||2015-03-14|finalcrashtest.co.nz||offline|zeus|44:20:03
||2015-03-09|pedropedreiromoxik.su||offline|kins|44:54:55
||2015-03-08|wvin.su||offline|kins|72:15:38
24940|germany (de)|2015-03-06|0x.x.gg|144.76.162.245|online|zeus|838:59:59
||2015-03-06|lebedev30.ru|fastflux botnet|online|zeus|838:59:59
||2015-03-06|poolkingsthailand.com||offline|zeus|838:59:59
||2015-03-05|smartfoodsglutenfree.kz||offline|kins|495:48:57
14415|united states (us)|2015-03-02|www.teleeye.com.ph|96.31.35.51|online|zeus|838:59:59
|ukraine (ua)|2015-02-23|195.238.181.20|195.238.181.20|unknown|kins|
||2015-02-21|ashoesheestono.eu||offline|kins|97:05:24
48933|russian federation (ru)|2015-02-19|kadastr89.ru|193.36.35.110|online|zeus|838:59:59
197695|russian federation (ru)|2015-02-19|u0003321.cp.regruhosting.ru|37.140.192.169|online|zeus|838:59:59
||2015-02-17|beatyhousesupporte.su||offline|kins|17:42:13
||2015-02-17|www.me404.net||offline|zeus|838:59:59
||2015-02-15|brothersmt2.tk||offline|zeus|838:59:59
6939|united states (us)|2015-02-14|tronuprising.heliohost.org|216.218.192.170|online|zeus|838:59:59
||2015-02-07|back1337.info||offline|zeus|152:43:12
7506|japan (jp)|2015-02-06|www.intl-anniv.org|157.7.129.111|online|citadel|838:59:59
||2015-02-05|geopryce.ru||offline|citadel|838:59:59
||2015-02-02|shadowraze.pw||offline|citadel|59:39:57
31624|netherlands (nl)|2015-02-02|hui-ain-apparel.tk|195.20.42.1|online|citadel|838:59:59
25159|russian federation (ru)|2015-02-01|islenpiding.hotmail.ru|195.16.127.102|online|zeus|838:59:59
25159|russian federation (ru)|2015-02-01|natlalirans.hotmail.ru|195.16.127.102|online|zeus|838:59:59
25159|russian federation (ru)|2015-02-01|dileconme.hotmail.ru|195.16.127.102|online|zeus|838:59:59
25159|russian federation (ru)|2015-02-01|pharirgatic.hotmail.ru|195.16.127.102|online|zeus|838:59:59
25159|russian federation (ru)|2015-02-01|imamnhearte.hotmail.ru|195.16.127.102|online|zeus|838:59:59
25159|russian federation (ru)|2015-02-01|naaninggeschcho.hotmail.ru|195.16.127.102|online|zeus|838:59:59
25159|russian federation (ru)|2015-02-01|rarabarnfi.hotmail.ru|195.16.127.102|online|zeus|838:59:59
25159|russian federation (ru)|2015-02-01|gyodundena.hotmail.ru|195.16.127.102|online|zeus|838:59:59
||2015-01-31|micheal766.info||offline|zeus|838:59:59
46664|united states (us)|2015-01-31|speroni.pw|199.115.228.68|online|citadel|838:59:59
|ukraine (ua)|2015-01-30|195.238.181.16|195.238.181.16|unknown|kins|
24195|indonesia (id)|2015-01-28|202.67.13.107|202.67.13.107|unknown|zeus|
45538|vietnam (vn)|2015-01-28|congtynguyenbinh.com.vn|125.253.122.98|online|zeus|838:59:59
||2015-01-24|www.02level.tk||offline|citadel|838:59:59
||2015-01-23|junniper.mcdir.ru||offline|zeus|838:59:59
||2015-01-23|cupomkinghost.com.br|fastflux botnet|online|zeus|838:59:59
||2015-01-19|wasabi.mine.nu||offline|citadel|838:59:59
||2015-01-16|aquantspool.com||offline|zeus|838:59:59
||2015-01-15|www.wecontrol-com.tk||offline|citadel|838:59:59
45454|australia (au)|2015-01-15|iltempo.com.au|111.67.16.254|online|zeus|838:59:59
200000|ukraine (ua)|2015-01-15|sus.nieuwmoer.info|185.25.119.84|online|kins|838:59:59
||2015-01-15|tesab.org.uk||offline|zeus|838:59:59
61214|czech republic (cz)|2015-01-13|93.171.205.12|93.171.205.12|unknown|citadel|
7506|japan (jp)|2015-01-13|land-create.com|210.172.183.41|online|citadel|838:59:59
||2015-01-09|secure.lynxbowlingservices.com||offline|zeus|838:59:59
||2015-01-09|holydoome.co.uk||offline|zeus|04:05:31
8342|russian federation (ru)|2015-01-08|platinum-casino.ru|81.177.141.131|online|zeus|838:59:59
||2015-01-08|links.heliohost.org||offline|zeus|838:59:59
3356|panama (pa)|2015-01-06|mystartap.com|200.74.241.109|online|zeus|838:59:59
||2015-01-04|cynthialemos1225.ddns.net||offline|zeus|838:59:59
||2014-12-30|ya-aaaa123123.myjino.ru||offline|zeus|838:59:59
||2014-12-29|76tguy6hh6tgftrt7tg.su||offline|citadel|06:27:44
||2014-12-27|zhyravlik.ru|fastflux botnet|online|zeus|838:59:59
47583|united states (us)|2014-12-26|www.bilbobaggins.comxa.com|31.170.160.209|online|zeus|838:59:59
||2014-12-25|sandokan66.no-ip.info||offline|zeus|838:59:59
20718|spain (es)|2014-12-24|www.todobingo.info|93.93.117.20|online|zeus|838:59:59
||2014-12-21|www.mauritaniecoeur.org|fastflux botnet|online|zeus|838:59:59
262913|mexico (mx)|2014-12-20|escuelanet.com|201.159.17.91|online|zeus|838:59:59
42861|ukraine (ua)|2014-12-20|46.151.52.61|46.151.52.61|unknown|citadel|
42861|ukraine (ua)|2014-12-20|46.151.52.191|46.151.52.191|unknown|citadel|
42861|ukraine (ua)|2014-12-19|46.151.52.48|46.151.52.48|unknown|citadel|
||2014-12-19|axpoium.echange.su||offline|zeus|838:59:59
39015|bahrain (bh)|2014-12-13|87.237.198.245|87.237.198.245|unknown|zeus|
||2014-12-11|burgerspendingbusiness.kz||offline|citadel|01:09:18
||2014-12-09|matt001.tk||offline|zeus|838:59:59
||2014-12-06|auto-fx.fr||offline|zeus|48:18:02
||2014-12-03|rsslessons.su||offline|kins|13:05:04
20207|argentina (ar)|2014-12-02|www.basecinco.com.ar|190.183.59.133|online|zeus|838:59:59
132879|thailand (th)|2014-11-28|sanyai-love.rmu.ac.th|202.29.22.38|online|zeus|838:59:59
||2014-11-24|03bbec4.netsolhost.com||offline|zeus|56:19:11
9146|bosnia and herzegovina (ba)|2014-11-24|80.65.93.241|80.65.93.241|unknown|citadel|
||2014-11-21|ingenicopads.kz||offline|citadel|90:05:30
42861|ukraine (ua)|2014-11-21|mccc-investconsultant.com|46.151.54.46|online|zeus|838:59:59
||2014-11-21|ganhedwakar.tk||offline|zeus|04:50:56
9541|pakistan (pk)|2014-11-21|175.107.192.78|175.107.192.78|unknown|zeus|
137|italy (it)|2014-11-21|160.97.52.229|160.97.52.229|unknown|zeus|
||2014-11-20|hillalala.com||offline|zeus|838:59:59
12969|iceland (is)|2014-11-19|www.rimmugygur.is|194.144.188.70|online|zeus|838:59:59
53221|brazil (br)|2014-11-18|danislenefc.info|186.250.243.100|online|zeus|838:59:59
||2014-11-18|yahoo-action.com||offline|citadel|838:59:59
||2014-11-16|naijabids.co.uk||offline|zeus|19:50:52
36351|united states (us)|2014-11-15|stats.lead.mysitehosted.com|198.58.94.118|online|zeus|838:59:59
20473|germany (de)|2014-11-15|championbft.com|104.207.130.93|online|zeus|838:59:59
58001|seychelles (sc)|2014-11-15|193.107.17.145|193.107.17.145|unknown|zeus|
||2014-11-14|macrshops.eu||offline|zeus|78:18:41
58001|seychelles (sc)|2014-11-14|193.107.19.244|193.107.19.244|unknown|zeus|
24940|germany (de)|2014-11-14|sslsam.com|78.46.222.241|online|kins|838:59:59
||2014-11-14|solubaba.tk||offline|zeus|838:59:59
||2014-11-12|vkcfioksjrdt.com||offline|kins|132:35:30
||2014-11-12|mycraft.com.br||offline|zeus|838:59:59
14178|mexico (mx)|2014-11-10|201.149.83.183|201.149.83.183|unknown|citadel|
11403|united states (us)|2014-11-08|64.90.187.131|64.90.187.131|unknown|zeus|
5432|belgium (be)|2014-11-07|81.244.253.245|81.244.253.245|unknown|citadel|
||2014-11-04|lifestyles.pp.ru||offline|zeus|838:59:59
52284|honduras (hn)|2014-11-04|190.123.35.141|190.123.35.141|unknown|zeus|
||2014-11-04|hyperbolic.tk||offline|zeus|838:59:59
||2014-11-01|uka2ftp.mccc-investconsultant.com||offline|zeus|49:04:52
||2014-11-01|apple-trusted.com||offline|zeus|03:42:50
12715|spain (es)|2014-11-01|62.14.215.109|62.14.215.109|unknown|zeus|
5588|czech republic (cz)|2014-10-31|193.85.144.5|193.85.144.5|unknown|citadel|
31624|netherlands (nl)|2014-10-31|muazymaur.tk|195.20.40.123|online|zeus|838:59:59
20473|germany (de)|2014-10-30|hotelavalon.org|104.207.130.93|online|zeus|838:59:59
3215|france (fr)|2014-10-30|193.252.53.183|193.252.53.183|unknown|zeus|
||2014-10-28|interlogistics.com.vn|fastflux botnet|online|zeus|838:59:59
52284|honduras (hn)|2014-10-26|190.123.35.140|190.123.35.140|unknown|zeus|
||2014-10-17|54g35546-5g6hbggffhb.tk||offline|citadel|838:59:59
||2014-10-16|cryptmyexe.pw||offline|zeus|02:25:12
8151|mexico (mx)|2014-10-09|capacitacion.inami.gob.mx|187.141.12.161|online|zeus|838:59:59
||2014-10-04|legitvendors.ru||offline|citadel|838:59:59
58001|seychelles (sc)|2014-10-04|193.107.17.55|193.107.17.55|unknown|zeus|
132663|indonesia (id)|2014-10-04|103.26.128.84|103.26.128.84|unknown|zeus|
||2014-10-01|dominoziele.pw||offline|zeus|02:18:45
||2014-09-22|www.impm.upel.edu.ve|fastflux botnet|online|zeus|838:59:59
||2014-09-19|genteatsss.com||offline|zeus|03:58:04
8151|mexico (mx)|2014-09-19|187.174.252.247|187.174.252.247|unknown|citadel|
64097|mexico (mx)|2014-09-19|vantien.vosongkiem.com|189.203.240.47|online|citadel|838:59:59
||2014-09-10|bots.configbinbots.info||offline|citadel|838:59:59
45538|vietnam (vn)|2014-09-10|rfvn.vn|112.78.2.84|online|zeus|838:59:59
||2014-09-10|www.webos.in||offline|zeus|838:59:59
32392|united states (us)|2014-09-10|creatives.globaltronics.net|98.131.112.1|online|zeus|838:59:59
12357|spain (es)|2014-09-10|77.228.191.183|77.228.191.183|unknown|zeus|
30900|ireland (ie)|2014-09-10|185.24.234.108|185.24.234.108|unknown|zeus|
24085|vietnam (vn)|2014-09-10|116.193.77.118|116.193.77.118|unknown|zeus|
132717|india (in)|2014-09-04|103.230.84.239|103.230.84.239|unknown|citadel|
||2014-09-03|movieofgoodies.kz||offline|citadel|00:00:00
||2014-09-03|moviepaidinfullsexy.kz||offline|citadel|02:44:18
||2014-09-03|www.ipm.upel.edu.ve|fastflux botnet|online|zeus|838:59:59
17813|india (in)|2014-09-02|120.63.157.195|120.63.157.195|unknown|citadel|
||2014-09-02|preapprovedloansoffline.kz||offline|citadel|30:28:53
||2014-09-02|canadianonlineagreementservices.kz||offline|citadel|29:02:42
||2014-09-02|juanadearco.com.uy||offline|zeus|838:59:59
14166|canada (ca)|2014-09-02|italianacademyfoundation.org|168.144.247.215|online|zeus|838:59:59
17553|indonesia (id)|2014-09-01|fapet.ipb.ac.id|202.124.205.43|online|zeus|838:59:59
24940|germany (de)|2014-08-24|secufast.bplaced.net|5.9.107.19|online|zeus|838:59:59
||2014-08-22|eavgwy5suy.tk||offline|zeus|838:59:59
||2014-08-21|sdhfjksdhfjksdh.biz.ua||offline|zeus|838:59:59
||2014-08-20|liveresellerweb.eu||offline|citadel|838:59:59
||2014-08-14|pointhouse.eu||offline|zeus|26:10:57
48031|ukraine (ua)|2014-08-13|194.15.112.30|194.15.112.30|unknown|zeus|
58001|seychelles (sc)|2014-08-13|193.107.17.56|193.107.17.56|unknown|citadel|
||2014-08-12|kw34h-lithi-owo.tk||offline|zeus|838:59:59
24940|germany (de)|2014-08-09|mm266.bplaced.com|5.9.107.19|online|zeus|838:59:59
45538|vietnam (vn)|2014-08-08|www.vhvn.vn|112.78.3.204|online|zeus|838:59:59
56005|china (cn)|2014-08-08|www.jx368.com|42.51.138.254|online|zeus|838:59:59
||2014-08-07|www.jung201.tk||offline|zeus|838:59:59
||2014-08-07|u8781a21.pw||offline|citadel|838:59:59
||2014-08-06|joyclasses.eu||offline|zeus|30:14:18
24940|germany (de)|2014-08-06|dlauten.bplaced.net|5.9.107.19|online|ice ix|838:59:59
||2014-08-05|03a6f57.netsolhost.com||offline|zeus|200:38:36
48031|ukraine (ua)|2014-08-03|194.15.112.29|194.15.112.29|unknown|zeus|
||2014-08-03|03a6b7a.netsolhost.com||offline|zeus|145:19:55
5421|bulgaria (bg)|2014-07-28|www.slav.uni-sofia.bg|62.44.116.41|online|zeus|838:59:59
||2014-07-26|preapprovedloansonline.kz||offline|citadel|751:07:20
||2014-07-23|vankapetkavanis4.pw||offline|kins|19:04:08
60781|netherlands (nl)|2014-07-22|up.frigo2000.it|109.120.183.106|online|kins|838:59:59
||2014-07-22|googlepetkavanis4.pw||offline|kins|08:59:35
57230|united kingdom (gb)|2014-07-20|87.236.210.124|87.236.210.124|unknown|citadel|
||2014-07-18|myfcb.tk||offline|zeus|838:59:59
||2014-07-18|chambercb.tk||offline|zeus|838:59:59
||2014-07-17|bestdove.in.ua||offline|zeus|838:59:59
||2014-07-17|joepussy.tk||offline|zeus|838:59:59
||2014-07-16|valntooglesakrundigk.pw||offline|kins|05:19:28
||2014-07-15|branchtist.com||offline|citadel|838:59:59
||2014-07-14|bevrifuli.geohats.com||offline|zeus|794:07:28
57230|united kingdom (gb)|2014-07-12|87.236.210.110|87.236.210.110|unknown|zeus|
19318|united states (us)|2014-07-04|machine.cu.ma|216.158.225.85|online|zeus|838:59:59
19318|united states (us)|2014-07-04|jazmany.cu.ma|216.158.225.85|online|zeus|838:59:59
||2014-07-04|bl1nqz8yrf7tgdsq.tk||offline|zeus|838:59:59
47869|netherlands (nl)|2014-07-03|joejdbjrmrkklfnmf.usr.me|94.228.218.40|online|zeus|838:59:59
||2014-07-01|www.jobdeliver.tk||offline|zeus|838:59:59
4538|china (cn)|2014-06-28|58.195.1.4|58.195.1.4|unknown|citadel|
25074|germany (de)|2014-06-28|78.138.104.167|78.138.104.167|unknown|zeus|
||2014-06-27|spartanr.5gbfree.com||offline|zeus|12:37:32
15967|poland (pl)|2014-06-26|www.kosmetycznysklep.pl|77.55.125.205|online|zeus|838:59:59
||2014-06-25|vashadvokat.in.ua||offline|citadel|347:30:37
50429|spain (es)|2014-06-19|193.106.177.243|193.106.177.243|unknown|citadel|
||2014-06-16|ns416017.ip-37-187-144.eu||offline|citadel|838:59:59
||2014-06-16|japanparts.pw||offline|zeus|05:45:56
||2014-06-15|waserazer.pw||offline|zeus|11:30:53
||2014-06-14|www.martex-rybnik.pw||offline|citadel|20:49:02
||2014-06-13|crimunalbot001.ga||offline|zeus|04:29:16
||2014-06-12|arcelikpendikservisi.gen.tr||offline|zeus|622:22:11
24940|germany (de)|2014-06-12|securetalk.cwsurf.de|78.46.182.102|online|zeus|838:59:59
36024|united states (us)|2014-06-10|hollywood.heartjohn.com|69.194.235.103|online|zeus|838:59:59
||2014-06-09|www.mikewine.tk||offline|zeus|838:59:59
19679|united states (us)|2014-06-09|dl.dropbox.com|108.160.173.166|online|zeus|838:59:59
||2014-06-07|leo94dhgfyw-df87fb.tk||offline|zeus|838:59:59
||2014-06-07|rhwndkf45.codns.com||offline|zeus|838:59:59
 republic of (kr)|korea|2014-06-07|180.182.234.200|180.182.234.200|unknown|zeus|9845
||2014-06-04|svitor.hostev.net||offline|zeus|838:59:59
||2014-05-30|foxmanwer.pw||offline|zeus|02:19:06
4538|china (cn)|2014-05-29|210.37.11.238|210.37.11.238|unknown|zeus|
54718|canada (ca)|2014-05-29|192.64.11.244|192.64.11.244|unknown|citadel|
7654|thailand (th)|2014-05-29|www.loongweed.com|202.142.215.16|online|citadel|838:59:59
||2014-05-26|sv1.eyeonmusica.it||offline|kins|475:15:49
||2014-05-26|leon10.5gbfree.com||offline|zeus|13:21:17
||2014-05-24|039b1ee.netsolhost.com||offline|zeus|373:20:22
||2014-05-18|doratopelase.pw||offline|kins|100:14:54
||2014-05-17|samoniklo.pw||offline|kins|06:22:55
||2014-05-17|z3us1.z-ed.info||offline|zeus|838:59:59
||2014-05-17|dejavu-now.tk||offline|zeus|838:59:59
50113|russian federation (ru)|2014-05-13|winscoft.com|193.0.200.185|online|zeus|838:59:59
||2014-05-12|junllian.net||offline|zeus|40:24:42
57844|turkey (tr)|2014-05-12|kesikelyaf.com|37.123.99.188|online|citadel|838:59:59
54718|canada (ca)|2014-05-09|199.201.121.185|199.201.121.185|unknown|citadel|
||2014-05-03|tt.onmypc.org||offline|zeus|99:03:33
26496|united states (us)|2014-05-02|servmill.com|184.168.221.15|online|zeus|838:59:59
||2014-05-02|felanco.heliohost.org||offline|zeus|642:47:15
5591|russian federation (ru)|2014-05-01|fronty2073.net|77.40.30.111|online|kins|838:59:59
9123|russian federation (ru)|2014-04-29|92.53.124.62|92.53.124.62|unknown|citadel|
9123|russian federation (ru)|2014-04-29|92.53.119.248|92.53.119.248|unknown|citadel|
||2014-04-29|systemhelpr.com||offline|zeus|838:59:59
||2014-04-27|delaponitan.pw||offline|kins|32:08:25
||2014-04-27|slivoratikam.pw||offline|kins|49:23:58
||2014-04-27|www.ohimmades.pw||offline|zeus|25:59:43
53834|united states (us)|2014-04-26|199.187.129.193|199.187.129.193|unknown|citadel|
||2014-04-26|s1.eyeonmusica.it||offline|kins|799:58:15
||2014-04-26|analiticwebexperience.com||offline|kins|49:30:23
||2014-04-23|diguing-store.net||offline|kins|838:59:59
25525|netherlands (nl)|2014-04-22|kraonkelaere.com|85.92.140.67|online|citadel|838:59:59
||2014-04-22|ricasad.sx||offline|citadel|838:59:59
45538|vietnam (vn)|2014-04-20|khoangiengthutiep.com|112.78.2.141|online|zeus|838:59:59
45538|vietnam (vn)|2014-04-18|anlacviettravel.com.vn|112.78.2.43|online|zeus|838:59:59
4538|china (cn)|2014-04-16|222.29.197.232|222.29.197.232|unknown|citadel|
31624|netherlands (nl)|2014-04-16|dau43vt5wtrd.tk|195.20.44.109|online|citadel|838:59:59
4800|indonesia (id)|2014-04-16|barselkab.bps.go.id|203.123.60.144|online|ice ix|838:59:59
||2014-04-14|codebacktowork2.tk||offline|ice ix|838:59:59
27725|cuba (cu)|2014-04-11|www.orquestanacaona.cult.cu|200.0.24.42|online|zeus|838:59:59
 republic of (kr)|korea|2014-04-11|neorandom.dothome.co.kr|112.175.184.65|online|zeus|4766
||2014-04-11|blog.raw-recruits.com||offline|zeus|31:48:22
58543|china (cn)|2014-04-10|www.nikey.cn|120.31.134.133|online|zeus|838:59:59
51852|switzerland (ch)|2014-04-02|ssl.sinergycosmetics.com|31.7.63.146|online|zeus|838:59:59
23352|united states (us)|2014-04-02|circleread-view.com.mocha2003.mochahost.com|198.38.82.49|online|zeus|838:59:59
13489|colombia (co)|2014-03-27|190.128.29.1|190.128.29.1|unknown|citadel|
22868|united states (us)|2014-03-27|198.245.202.92|198.245.202.92|unknown|citadel|
||2014-03-27|katagi-weblogs.lolipop.jp||offline|citadel|838:59:59
||2014-03-20|reimbergit.com.br|fastflux botnet|online|zeus|838:59:59
||2014-03-20|update.timstackleshop.es||offline|citadel|838:59:59
52368|chile (cl)|2014-03-16|186.64.120.104|186.64.120.104|unknown|zeus|
||2014-03-14|ryuitaqw.pw||offline|zeus|31:15:31
||2014-03-13|man-street.tk||offline|citadel|838:59:59
||2014-03-13|cicero-dropbox.tk||offline|citadel|838:59:59
43075|latvia (lv)|2014-03-12|109.229.210.250|109.229.210.250|unknown|zeus|
48172|russian federation (ru)|2014-03-08|update.rifugiopontese.it|37.143.11.189|online|citadel|838:59:59
||2014-03-06|jayboyd.t15.org||offline|citadel|838:59:59
||2014-03-01|littwronthath.net||offline|citadel|838:59:59
58001|seychelles (sc)|2014-02-22|193.107.19.24|193.107.19.24|unknown|ice ix|
||2014-02-16|blogerjijer.pw||offline|zeus|00:00:00
13468|canada (ca)|2014-02-15|burrinsurance.com|199.246.2.105|online|citadel|838:59:59
||2014-02-13|serverjainpangwang.pw||offline|citadel|50:15:41
45538|vietnam (vn)|2014-02-12|indongsang.com|112.78.2.141|online|zeus|838:59:59
||2014-02-12|debservers.pw||offline|citadel|01:47:27
36351|united states (us)|2014-02-06|lion.web2.0campus.net|108.174.157.123|online|zeus|838:59:59
||2014-02-04|blackhill.pp.ua||offline|zeus|838:59:59
||2014-01-23|f8b2b9.su||offline|citadel|838:59:59
45629|thailand (th)|2014-01-20|pfengineering.com|110.164.126.64|online|citadel|838:59:59
13224|kenya (ke)|2014-01-16|213.147.67.20|213.147.67.20|unknown|zeus|
29239|germany (de)|2014-01-12|baoshlda.com|217.23.49.178|online|zeus|838:59:59
||2014-01-02|phimsex4u.biz||offline|citadel|838:59:59
||2013-12-26|noonepa.tk||offline|citadel|838:59:59
||2013-12-26|sameetc.tk||offline|citadel|838:59:59
20632|russian federation (ru)|2013-12-23|212.44.64.202|212.44.64.202|unknown|zeus|
||2013-12-22|update.saintfrancoisath.be||offline|citadel|47:20:40
||2013-12-17|www.sdspropro.co.ua||offline|citadel|584:44:11
||2013-12-16|sdspropro.co.ua||offline|citadel|578:59:07
31624|netherlands (nl)|2013-12-10|gorainbowzone.tk|195.20.46.116|online|citadel|838:59:59
200000|ukraine (ua)|2013-12-04|update.odeen.eu|185.25.117.49|online|citadel|838:59:59
||2013-12-04|evobank.co||offline|citadel|838:59:59
39927|russian federation (ru)|2013-11-28|gukin.as|46.180.7.231|online|citadel|838:59:59
||2013-11-21|sub.beirinckx.be||offline|zeus|25:30:37
28762|russian federation (ru)|2013-11-20|panel.vargakragard.se|83.69.233.121|online|citadel|838:59:59
||2013-10-29|resr.configure.8c1.net||offline|citadel|838:59:59
7506|japan (jp)|2013-10-24|fujidenki-web.co.jp|210.253.108.243|online|citadel|838:59:59
4713|japan (jp)|2013-10-21|iae.hosei.ac.jp|210.163.11.65|online|citadel|838:59:59
||2013-10-18|prk.firstconf.3gb.biz||offline|citadel|421:52:57
||2013-10-17|presleywebs.uk.pn||online|zeus|838:59:59
4621|thailand (th)|2013-10-11|202.29.230.198|202.29.230.198|unknown|zeus|
46062|indonesia (id)|2013-10-09|103.4.52.150|103.4.52.150|unknown|ice ix|
||2013-10-06|frevolore.com||offline|citadel|314:47:44
||2013-10-06|fretiolo.com||offline|citadel|314:49:50
||2013-10-04|www.perilshed.info||offline|zeus|838:59:59
||2013-10-04|lifeisgoodwhenu2.info||offline|zeus|101:18:11
||2013-10-04|updating-flash.cloudapp.net||offline|citadel|11:28:43
||2013-10-03|tradecharm.lt||offline|citadel|838:59:59
||2013-09-30|ice.andromed.in.ua||offline|ice ix|838:59:59
38716|australia (au)|2013-09-29|103.241.0.100|103.241.0.100|unknown|citadel|
||2013-09-29|warriorinjapan.hostjava.net||offline|zeus|838:59:59
43513|latvia (lv)|2013-09-23|87.246.143.242|87.246.143.242|unknown|zeus|
||2013-09-23|weporsche.com||offline|zeus|24:24:48
||2013-09-12|henex.net.ua||offline|ice ix|838:59:59
||2013-09-11|ugwebz.uk.pn||online|zeus|838:59:59
7643|vietnam (vn)|2013-09-10|123.30.129.179|123.30.129.179|unknown|ice ix|
25504|germany (de)|2013-09-07|fileserver03.com|109.235.59.44|online|citadel|838:59:59
||2013-09-06|zeus.guvencelikimalat.com||offline|zeus|838:59:59
||2013-09-03|p-alpha.ooo.al||offline|zeus|838:59:59
24940|germany (de)|2013-09-02|server.bovine-mena.com|46.4.150.111|online|citadel|838:59:59
||2013-09-02|wor6.b6dfnahea.ns2.name||offline|citadel|05:39:10
10013|japan (jp)|2013-08-25|59.157.4.2|59.157.4.2|unknown|zeus|
||2013-08-20|mxstat230.com||offline|citadel|838:59:59
12616|russian federation (ru)|2013-08-12|hope-found-now.net|31.28.27.17|online|citadel|838:59:59
||2013-08-05|yamleg.fu8.com||offline|zeus|195:25:22
131447|thailand (th)|2013-07-25|103.7.59.135|103.7.59.135|unknown|zeus|
||2013-07-20|reserve.jumpingcrab.com||offline|citadel|825:51:57
37963|china (cn)|2013-07-19|www.witkey.com|42.96.144.92|online|citadel|838:59:59
13468|canada (ca)|2013-07-18|lonsmemorials.com|199.246.2.105|online|citadel|838:59:59
||2013-07-13|google.poultrymiddleeast.com||offline|citadel|838:59:59
16276|united states (us)|2013-07-08|ice.ip64.net|198.27.89.153|online|ice ix|838:59:59
5588|czech republic (cz)|2013-07-05|www.kuman.cz|62.209.195.186|online|zeus|838:59:59
||2013-06-24|igor32.herbalbrasil.com.br||offline|zeus|838:59:59
||2013-06-16|gate.timstackleshop.es||offline|citadel|792:28:11
32392|united states (us)|2013-06-15|projects.globaltronics.net|98.131.185.136|online|ice ix|838:59:59
||2013-06-13|jgworldupd.com||offline|citadel|663:15:18
||2013-06-10|porschecosv.com||offline|zeus|311:05:50
22759|united states (us)|2013-06-08|64.85.233.8|64.85.233.8|unknown|citadel|
17974|indonesia (id)|2013-05-28|bbwscimanuk.pdsda.net|222.124.202.178|online|citadel|838:59:59
||2013-05-26|dattinggate.com||offline|citadel|838:59:59
20161|canada (ca)|2013-05-22|199.7.234.100|199.7.234.100|unknown|zeus|
50174|russian federation (ru)|2013-05-16|109.229.36.65|109.229.36.65|unknown|zeus|
27879|argentina (ar)|2013-05-10|190.15.192.25|190.15.192.25|unknown|zeus|
||2013-04-25|www.group-billarclub.com||offline||838:59:59
||2013-04-09|illinoisnets.net||offline|zeus|838:59:59
17|united states (us)|2013-03-28|128.210.157.251|128.210.157.251|unknown|zeus|
||2013-03-21|visit2013.in.ua||offline|zeus|838:59:59
||2013-01-23|jangasm.org||offline|zeus|838:59:59
||2013-01-07|serversss.biz||offline|zeus|838:59:59
||2012-12-10|counter-1.adscounter.com.ua||offline|ice ix|838:59:59
5617|poland (pl)|2012-12-03|83.15.254.242|83.15.254.242|unknown|zeus|
||2012-11-01|diosdelared.com.mx||offline|zeus|838:59:59
20248|united states (us)|2012-10-12|hruner.com|107.163.174.74|online|citadel|838:59:59
||2012-10-12|dasch.pl ||offline|ice ix|838:59:59
||2012-10-09|allfortune777.biz||offline|zeus|838:59:59
43350|netherlands (nl)|2012-09-18|46.166.131.154|46.166.131.154|unknown|zeus|
22343|united states (us)|2012-08-25|64.127.71.73|64.127.71.73|unknown|zeus|
34754|bulgaria (bg)|2012-06-11|87.254.167.37|87.254.167.37|unknown|zeus|
47894|turkey (tr)|2012-06-04|94.103.36.55|94.103.36.55|unknown|citadel|
4837|china (cn)|2012-04-23|60.13.186.5|60.13.186.5|unknown|zeus|
4750|thailand (th)|2012-02-16|203.170.193.23|203.170.193.23|unknown|zeus|
|romania (ro)|2012-02-09|188.247.135.99|188.247.135.99|unknown|zeus|
|romania (ro)|2012-02-02|188.247.135.53|188.247.135.53|unknown|zeus|
|romania (ro)|2012-02-02|188.247.135.74|188.247.135.74|unknown|zeus|
14574|united states (us)|2012-01-17|216.176.100.240|216.176.100.240|unknown|zeus|
137|italy (it)|2012-01-16|151.97.190.239|151.97.190.239|unknown|zeus|
|romania (ro)|2012-01-16|188.247.135.58|188.247.135.58|unknown|zeus|
30722|italy (it)|2011-10-30|188.219.154.228|188.219.154.228|unknown|zeus|
11215|united states (us)|2011-10-16|216.215.112.149|216.215.112.149|unknown|zeus|
38731|vietnam (vn)|2011-07-26|210.211.108.215|210.211.108.215|unknown|zeus|
50274|azerbaijan (az)|2011-05-12|109.127.8.242|109.127.8.242|unknown|zeus|
